{
  "model": "bm25",
  "corpus_size": 10000,
  "top_k": 100,
  "metrics": {
    "ndcg@10": 0.430576,
    "mrr@10": 0.359661,
    "recall@100": 0.903846
  }
}